<?xml version="1.0" encoding="UTF-8"?>
<ExtensionManifest xmlns:xsi="http://www.w3.org/2001/XMLSchema-instance" Version="6.0" ExtensionBundleId="com.owlstars.spriteowl" ExtensionBundleVersion="1.3.2" ExtensionBundleName="Spriteowl">
	<ExtensionList>
		<Extension Id="com.owlstars.spriteowl.panel1" Version="1.3.2"/>
	</ExtensionList>
	<ExecutionEnvironment>
		<HostList>
    	<Host Name="PHXS" Version="[16.0,19.9]"/>
    	<Host Name="PHSP" Version="[16.0,19.9]"/>
		</HostList>
		<LocaleList>
			<Locale Code="All"/>
		</LocaleList>
		<RequiredRuntimeList>
			<RequiredRuntime Name="CSXS" Version="6.0"/>
		</RequiredRuntimeList>
	</ExecutionEnvironment>
	<DispatchInfoList>
		<Extension Id="com.owlstars.spriteowl.panel1">
			<DispatchInfo>
				<Resources>
				<MainPath>./index.html</MainPath>
				<ScriptPath>./jsx/hostscript.jsx</ScriptPath>
				</Resources>
				<Lifecycle>
					<AutoVisible>true</AutoVisible>
				</Lifecycle>
				<UI>
					<Type>Panel</Type>
					<Menu>Spriteowl</Menu>
					<Geometry>
						<Size>
							<Height>160</Height>
							<Width>310</Width>
						</Size>
						<MaxSize>
							<Height>160</Height>
							<Width>310</Width>
						</MaxSize>
						<MinSize>
							<Height>160</Height>
							<Width>310</Width>
						</MinSize>
					</Geometry>
					<Icons>
						<Icon Type="Normal">./img/dark-up.png</Icon>
						<Icon Type="RollOver">./img/dark-over.png</Icon>
						<Icon Type="DarkNormal">./img/light-up.png</Icon>
						<Icon Type="DarkRollOver">./img/light-over.png</Icon>
					</Icons>
				</UI>
			</DispatchInfo>
		</Extension>
	</DispatchInfoList>
</ExtensionManifest>
